商品名（詳細）,価格（円）,発送リードタイム（納期）,ASIN
【Amazon.co.jp限定】タオル研究所 [ボリュームリッチ] #003 バスタオル サンドベージュ 2枚セット ふかふか ホテル仕様 高速吸水 耐久性 人気 [毛羽レス] 【選べる5色】 Japan Technology,1279,5月31日 月曜日,B086WBLKTB
ブリタ 浄水 ポット カートリッジ マクストラ プラス 10個(4個+6個)セット 【日本仕様・日本正規品】 塩素 水垢 不純物 除去,7170,"5月 30日の日曜日, 8AM-12PM",B08Y927771
【Amazon.co.jp限定】タオル研究所 [毎日シンプル] #001 バスタオル ジェットブラック 2枚セット 高速吸水 速乾 耐久性 人気 大判 [毛羽レス] 【選べる7色】 Japan Technology,1432,5月31日 月曜日,B07X8TQ9VL
セラーメイト 密封瓶 保存容器 0.5L ガラス 日本製 220001,1000,5月31日 月曜日,B000FCHGUA
【セット買い】パナソニック フェイスシェーバー フェリエ 白 ES-WF61-W & フェイスシェーバー フェリエ ウブ毛用 ゴールド ES-WF51-N,7800,"5月 30日の日曜日, 8AM-12PM",B08XQ4VCTH
タイガー魔法瓶 水筒 ワンタッチ マグボトル 6時間保温保冷 200ml 在宅 タンブラー利用可 アイスグリーンMMX-A022GI,2191,5月31日 月曜日,B08D92GKFR
【セット買い】SALONIA サロニア ストレートヘアアイロン グレー 24mm アイロン 家電 美容 美容家電 ヘアケア MAX230℃ プロ仕様 SL-004SGR & セラミック カール ヘアアイロン 19mm ホワイト 海外対応 プロ仕様 MAX210℃,6246,"5月 30日の日曜日, 8AM-12PM",B08ZJB6MDK
アイリスオーヤマ LED電球 口金直径26mm 広配光 40W形相当 昼光色 2個パック 密閉器具対応 LDA4D-G-4T62P,833,6月20日 - 30日,B07NQ61XT9
オムロン 電子体温計 スピード検温15秒予測 けんおんくん MC-688 ホワイト,1773,5月31日 月曜日,B076Q5WCPP
パナソニック エチケットカッター 白 ER-GN11-W,1164,5月31日 月曜日,B07XTJGG9Y
SALONIA サロニア スピーディーイオンドライヤー グレー ヘアドライヤー 大風量 速乾 マイナスイオン コンパクト 軽量 メーカー1年保証 SL-013GR,4949,5月31日 月曜日,B08GLRXL8T
オムロン 体重・体組成計 自動認識機能 HBF-226-G,5175,明日,B01NBXO7XY
【セット買い】パナソニック 除毛器 フェリエ VIO専用シェーバー 防水 シルバー調 ES-WV60-S & フェイスシェーバー フェリエ シルバー ES-WF41-S,7373,6月4日 金曜日,B08T9YQJSY
タニタ クッキングスケール キッチン はかり 料理 デジタル 1kg 0.5g単位 ストーンホワイト KJ-114 SWH すぐにピタッとはかれる,1920,5月31日 月曜日,B087C3K94F
SwitchBot スイッチボット スマートホーム 学習リモコン Alexa - Google Home IFTTT イフト Siriに対応 SwitchBot Hub Mini,3980,5月31日 月曜日,B07TTH5TMW
【Amazon.co.jp限定】山善 扇風機 30cm リビング扇 押しボタンスイッチ 風量調節3段階 タイマー機能付き 換気 ホワイト AMT-KC30(W),3250,5月31日 月曜日,B07PT46Y3X
【セット買い】ブリタ 浄水器 ポット 浄水部容量:1.1L(全容量:2.2L) リクエリ マクストラプラス カートリッジ 1個付き 【日本正規品】塩素 水垢 不純物 除去 & 浄水 ポット カートリッジ マクストラ プラス 6個セット 【日本仕様・日本正規品】 塩素 水垢 不純物 除去,7661,"5月 30日の日曜日, 8AM-12PM",B08TB4VTMR
サーモス 水筒 真空断熱ケータイマグ ワンタッチオープンタイプ アイスグリーン 350ml JNR-351 IG,1791,5月31日 月曜日,B07VGPGHDJ
パナソニック ヘアドライヤー ナノケア ピンクゴールド EH-NA9E-PN,15490,6月1日 火曜日,B08F7VMVF9
シャープ 除湿機 衣類乾燥 7.1L / プラズマクラスター 7000 スタンダード 8畳 / 2020年モデル ホワイト CV-L71-W,23480,6月9日 水曜日,B086YFXLZ2
ハウスホールドジャパン レジ袋 とって付 ゴミ分別用ポリ袋 100枚入 白 TR25 約15×35×マチ10cm,110,5月31日 月曜日,B08367PFL2
アイリスオーヤマ サーキュレーター 静音 首振り固定 8畳 パワフル送風 ホワイト PCF-HD15N-W,2380,5月31日 月曜日,B01CY3SO4Y
オムロン上腕式血圧計 ホワイト HCR-7104,5980,5月31日 月曜日,B07ZVL1D9F
ティファール ケトル 1.2L ジャスティンプラス ホワイト たっぷり 空焚き防止 自動電源OFF 湯沸かし KO340175,,,B00LGM4T1W
アイリスオーヤマ LEDシーリングライト 調光 ~6畳 (日本照明工業会基準) 3300lm 直径45cm リモコン 省エネ 取付簡単 CL6D-5.0,3980,5月31日 月曜日,B01I0WV9TA
ニトムズ コロコロ 本体 S フロアクリン フローリング・カーペット対応 30周 1巻入 C2560,513,5月31日 月曜日,B001NA25QI
タニタ 体重 体組成計 スマホ 50g 日本製 ゴールド RD-915L GD 医療分野の技術搭載/スマホでデータ管理 インナースキャンデュアル,27045,6月1日 火曜日,B08R3CFQG9
AYO 枕 ホテル仕様 高反発枕 横向き対応 丸洗い可能 立体構造43x63cm 家族のプレゼント ホワイト(長さ63cm*幅43cm高さ18cm),2438,,B08K3B1PWN
【Amazon.co.jp 限定】クモリ(Kumori) ボックスシーツ 綿100% 毛玉なし シーツ 単品売り 洗える オールシーズン ベッド/マットレス/敷き布団対応 ベッドシーツ マットレスカバー ベッドカバー(シングル・100X200cm オリーブ),1980,5月31日 月曜日,B07RG8MCG5
パナソニック ラムダッシュ メンズシェーバー 3枚刃 お風呂剃り可 白 ES-ST2S-W,7018,5月31日 月曜日,B086R2JR64
クイックルワイパー ブラックカラー フロア用掃除道具 本体+シート1種類(STRONG) 軽い力でスイスイかんたん! 汚れをパワフル捕集!,1540,,B086H34V2R
Bedsure カーテン 1級遮光 小窓 ドレープカーテン オレンジ 幅100cm丈110cm 2枚組 断熱 保温 省エネ おしゃれ 昼夜目隠し 遮光カーテン 高級感のある生地 リビングルーム,2700,5月31日 月曜日,B08CXTG47H
体重計 INSMART 体脂肪計・体組成計 スマホ連動 強化ガラス採用 体重など多項指標 高精度 体重計 Bluetooth対応 ボディスケール(日本語対応APP＆日本語取扱説明書),1699,5月31日 月曜日,B082SQX6TD
GTRACING ゲーミングチェア オフィスチェア デスクチェア ゲーム用チェア リクライニング パソコンチェア ハイバック ヘッドレスト ランバーサポート ひじ掛け付き 高さ調整機能 PUレザー (GT002-ORANGE),19800,5月31日 月曜日,B092MLWRBV
dretec(ドリテック) パルスオキシメーター オリジナルカラー 酸素濃度計 医療用 家庭用 国内検査済み 一年保証 医療機器認証取得済,7480,6月1日 火曜日,B07527H5CD
レック 激コロ スゴ技カット 70周 スペア 3個入 ( カーペットクリーナー ) S-770,266,5月31日 月曜日,B016UBCQAY
アスベル エバンペダルペール45L SD ブラウン,2455,5月31日 月曜日,アスベル
マキタ コードレス掃除機CL108 カプセル式 標準25分稼働/充電22分 軽量定番モデル 10.8Vバッテリ充電器付 CL108FDSHW,13800,5月31日 月曜日,B07GWY3HYD
iwaki(イワキ) 耐熱ガラス ボウル 丸型 外径18cm 900ml KBC322,609,5月31日 月曜日,B000UDNFH2
パッと貼るだけホコリとりフィルター換気扇用15cm 6枚入×10点,2400,6月1日 火曜日,B0829S65LW
ナイスデイ 【 TEIJIN (帝人) 快適清潔シリーズ 】 肌布団 ケット グレー シングル (150×210cm)ふんわり ふわふわ 羽毛のようなやわらか仕立て オールシーズン使える 抗菌 防臭 肌掛け 布団 キルトケット 春夏用 洗える 86610113,3934,5月31日 月曜日,B091C22P3C
三菱ケミカル・クリンスイ 浄水器 カートリッジ 交換用 MONOシリーズ ホワイト 約高さ9×直径5.5cm 13+2物質除去 MDCO1SW 2入,4781,5月31日 月曜日,B003AZZS4K
レック セスキ の 激落ちくんシート フローリング 用 (4個パック) SS-292 & Ba 除菌ができる 食卓 ・ キッチン ふきん 15枚入 (アルコール除菌) SS-173【セット買い】,601,"5月 30日の日曜日, 8AM-12PM",
パナソニック ボディトリマー お風呂剃り可 海外対応 男性用 シルバー調 ER-GK81-S,8564,6月6日 日曜日,B088G4DSY5
貝印 KAI 【 包丁 ダイヤモンドシャープナー セット 】 関孫六 三徳包丁 165mm 10000CC AE5161 & ダイヤモンド & セラミックシャープナ,10037,,B01IQL4JBA
サーモス 水筒 真空断熱スポーツボトル ドットピンク 0.8L FHT-800F D-P,2280,5月31日 月曜日,B07NGFCBZG
【Amazon.co.jp 限定】スリーエム(3M) キッチン スポンジ 抗菌 キズをつけない ロング 6個 スコッチブライト SS-74K,878,,B01N0655HN
下村工業 日本製 ヴェルダン 三徳 包丁 165mm モリブデン バナジウム 鋼 食洗機 対応 OVD-11 新潟 燕三条製 + 【Amazon.co.jp限定】下村工業 日本製 ヴェルダン ブラック ペティ ナイフ 125mm モリブデン バナジウム 鋼 食洗機 対応 OVB-103 新潟 燕三条製【セット買い】,4619,明日,B08Y99YWVT
サーモス 水筒 真空断熱スポーツボトル 0.8L ピンクスター 保冷専用 FHT-801F PKST,2918,5月31日 月曜日,B084H9FGHQ
【Amazon.co.jp 限定】チチロバ(TITIROBA) バスマット 珪藻土バスマット 風呂マット 足ふきマット 速乾 調湿 吸水性 珪藻土 キッチンマット 洗濯不要 滑り止め 浴室 洗面所 グレー DS-01-G,1988,5月31日 月曜日,B07YXDT3ZF
山崎実業 キッチンエコスタンド ブラック 約W12×D9.5×H26.5cm タワー 6785,1320,6月1日 火曜日,B004TIVSP0
高木金属 グリルパン グリルトレー フッ素3層コート ワイド トライプラス GK-W,1055,5月31日 月曜日,B07DJV511T
【Amazon.co.jp 限定】 西川 SEVENDAYS 敷きパッド パイル地 シングル 洗える タオル地 ふわふわパイル 綿100% セブンデイズ ブルー PM09000540B,1925,5月31日 月曜日,B07N8YQNXY
VK Living 敷きパッド 夏用 シングル リバーシブル 冷感 しきぱっと ひんやり シーツ オールシーズンで使える 吸湿速乾 洗える ベッドパッド 防ダニ 抗菌防臭 一年間品質保証 100×200cm グリーン,1980,5月31日 月曜日,B084ZCJG68
セイコークロック 置き時計 01:白パール 本体サイズ:8.5×14.8×5.3cm 電波 デジタル カレンダー 快適度 温度 湿度 表示 BC402W,1881,5月31日 月曜日,
山崎実業(Yamazaki) 電子レンジ庫内汚れ防止シリコンマット ブラック 約W35XD29XH0.3cm タワー 耐熱 滑り止め 電子レンジ対応 ランチョンマット 5040,1540,6月1日 火曜日,B086T57J1Y
デスクライト TaoTronics LED 目に優しい 電気スタンド 省エネ 学習机 テーブルスタンド 卓上ライト タッチセンサー調光 USBポート付け[国内正規品] TT-DL13 (ブラック),4599,5月31日 月曜日,B07F9NWPKB
【医薬部外品】キレイキレイ 薬用 泡ハンドソープ専用オートディスペンサー セット 本体+つめかえ用200ml,2750,5月31日 月曜日,ライオン
ヨシカワ ホットサンドメーカー 焼き目がサクサク シングル フッ素加工 ななめ焼き目 ガス火専用 SJ2408,1473,5月31日 月曜日,B01MZ203IG
サーモス 保冷缶ホルダー 350ml缶用 オレンジ JCB-352 OR,1300,5月31日 月曜日,B0793M7MRV
クイックルハンディ替え 大容量パック 12枚,979,,B07GQPQTJG
シャープ 加湿 空気清浄機 プラズマクラスター 7000 スタンダード 13畳 / 空気清浄 23畳 2019年モデル ホワイト KC-L50-W,19800,5月31日 月曜日,B07Z8PRD4W
サーモス デュラブルシリーズ 玉子焼きフライパン 13cm レッド IH対応 KFF-013E R,1900,5月31日 月曜日,B08DS1SB7Q
VK Living カーペット ラグ 洗える 滑り止め付 防ダニ 抗菌 防臭 135×185cm(約1.5畳) 12色選べる 1年中使えるタイプ 北欧 ふわっと手触り 優しいフランネルラグ 絨毯 トライアングル柄・グレー,2363,5月31日 月曜日,B07H79F7S2
タニタ キッチン タイマー マグネット付き 大画面 100分 イエロー TD-384 YL でか見えタイマー,555,6月14日 - 7月21日,B000BHLSN0
Hansleep カーテン 1級遮光 2枚組 イェロー 幅100cm丈110cm 小窓 断熱 防寒 防音 省エネ 厚手 無地 おしゃれ 洗える 寝室 リビング用,2080,5月31日 月曜日,B08JD6845Q
アイリスオーヤマ サーキュレーター アイ 静音 上下左右首振り 18畳 パワフル送風 リモコン付き PCF-SC15T ホワイト/ブラック,6681,5月31日 月曜日,B079LWYC17
アイリスオーヤマ カラーボックス 収納ボックス 本棚 3段 幅36.6×奥行29×高さ73.2cm ウォールナットブラウン モジュールボックス MDB-3,1760,5月31日 月曜日,B07JW2MW5S
象印 (ZOJIRUSHI) 水筒 ワンタッチ ステンレスマグ シームレス 0.36L アイスグレー SM-WA36-HL,2780,5月31日 月曜日,B08TM3PBS4
サーモス 水筒 真空断熱ケータイマグ 【ワンタッチオープンタイプ】 350ml クランベリー JNL-353 CRB,1599,5月31日 月曜日,B0746N474X
アイリスオーヤマ LED電球 口金直径26mm 広配光 40W形相当 昼光色 密閉器具対応 LDA4D-G-4T6,384,5月31日 月曜日,B07PY1XFW5
レック 激落ちくん キューブ 30個入 メラミンスポンジ (1個:4×4×2.9cm) 水だけで汚れ落とし S00242,390,5月31日 月曜日,B07J6534TN
アイリスオーヤマ チェスト ワイド 3段 日本製 完成品 幅55.6×奥行41×高さ62cm フレンチオーク木天板 WTW-543,3980,6月3日 - 5日,B00I0NK7XE
東洋アルミ 整流板付専用パッと貼るだけスーパーフィルター 3074 & 東洋アルミ アレルブロックフィルター 約21×21cm 屋外の通気口用 花粉をキャッチ 24時間換気対応 5403 2枚入【セット買い】,924,明日,
レック セスキ の 激落ちくんシート キッチン用 (4個パック) SS-291 & Ba 水の激落ちシート IH & ガスコンロ 20枚入 (アルカリ電解水使用) SS-169【セット買い】,572,"5月 30日の日曜日, 8AM-12PM",
電動歯ブラシ 歯ブラシ ハブラシ Fairywill 音波歯ブラシ 充電式 ブラック ソニック IPX7防水 4時間がかかって30日に使用 五つモードと2分オートタイマー機能搭載 USB充電 替えブラシ3本 すきま磨きブラシ付き 口内ケア 携帯 歯磨き デンタルケア FW-507 フェアリーウィル,3058,5月31日 月曜日,B07CPVN4L7
貝印 KAI ピーラー(皮むき器) SELECT100 I型 DH3001,793,5月31日 月曜日,B0009WCIE0
【セット買い】パナソニック ミニクリプトン電球 E17口金 35ミリ径 40形 2個入 LDS100V36WCK2P & レフ電球(屋内用) E26口金 100V60形 散光形(ビーム角=60°),591,6月1日 火曜日,B07MWQ1K45
アイリスオーヤマ サーキュレーター アイ mini 8畳 静音 左右首振り パワフル送風 ホワイト PCF-SM12-W,2980,5月31日 月曜日,B07Q5X8H24
アイリスプラザ レースカーテン UVカット プライバシーカット 外から見えにくい 断熱 保温 2枚組 洗える 洗濯機対応 幅100cm×丈98cm フラワー,1981,5月31日 月曜日,B074C7FDZC
シャープ ヘアドライヤー プラズマクラスター搭載 アンティークゴールド IB-GP9-N,7480,5月31日 月曜日,B01MDP6EX7
Vacplus ふとん 圧縮袋 3枚組【 100×80cm×3枚 ポンプ付き 終身交換承り】 衣類圧縮袋 布団圧縮袋 ダニ、カビ対策 (100×80cm),1380,5月31日 月曜日,B072KNGY9P
【おうちで簡単に生ビールサーバー】ザ・プレミアム・モルツ 神泡サーバー 2021年最新型 Supreme edition,980,5月31日 月曜日,B08XTTN91B
MyComfort(マイコンフォート) 枕 低反発 3層ハイグレードモデル 高さ調節可能 ジャストフィット 低反発枕,3480,5月31日 - 6月1日,B08LN1DHZR
タイガー 水筒 1リットル サハラ ステンレスボトル スポーツ 直飲み 広口 保冷専用 ネイビー MME-F100AS,2855,5月31日 月曜日,B0842VS5L1
【Amazon.co.jp限定】フィリップス ソニッケアー プロテクトクリーン ホワイトライトブルー 電動歯ブラシ 強さ設定なし ホワイトプラスブラシヘッド HX6819/36,5570,5月31日 月曜日,B07ZGT9Y6D
山崎実業 ベーシック 平型アイロン台アルミコート3633 メッシュあて布付き,1610,"5月 30日の日曜日, 8AM-12PM",
ツインバード サイクロンスティッククリーナー 2WAY 掃除機 スケルトンブラック TC-E123SBK,3325,5月31日 月曜日,B0098D4GYG
【2021最新版 U型ネックファン】 KYOKA 首掛け扇風機 羽根なし 携帯扇風機 首かけ USB充電式 ネッククーラー 静音 1800mAh超大容量 長時間連続使用可 首かけ扇風機 3段風量調節 360°角度調整 ポータブルファン ハンズフリー 軽量 ハンディーファン 熱中症対策 スポーツ観戦 山登り トレーニング 運転なシーンなど適用 誕生日/父 母 プレゼント ギフト (ホワイト),2864,6月5日 土曜日,B093BMPPSR
【2020最新版】LaHuko クッション ゲルクッション 二重無重力 超通気 ハニカム構造 夏用冬用 蒸れない 座り心地抜群 両面使用可能 在宅勤務 テレワーク オフィス 自宅 車 ゲーミングチェア 椅子用 四季通用 座布団 洗えるカバー付き,,5月31日 - 6月1日,B08CRQTMZ7
蝶プラ工業 中判用ペーパータオルケース レギュラー,601,5月31日 月曜日,B000DZB70O
K&A みじん切り器 ふたも洗える ぶんぶんチョッパー ホワイト BBC-01,909,5月31日 月曜日,B00WDZYLT6
[KOCOTA] 抗菌防臭素材 スリッパ サンダル 超軽量 滑り止め 男女兼用,1380,5月31日 月曜日,K812F
【Amazon.co.jp限定】 レック 激落ちくん マイクロファイバー クロス 20枚入 (20×30cm) ベージュ&ホワイト & 激落ち おそうじスリッパ ( Lサイズ ) ネイビー S-815【セット買い】,1402,"5月 30日の日曜日, 8AM-12PM",
アイリスオーヤマ 布団 カバー 掛け布団カバー 綿100% シングル 150×210cm 洗える ネイビー CMK-S,1810,5月31日 月曜日,B0064JNFIA
IKSTAR クッション 低反発 座布団 座り心地抜群 とって付き プレゼント 持ち運ぶ便利 ブラック,2999,5月31日 月曜日,B07K1PFTJS
【Amazon.co.jp 限定セット】東京 西川 日本製 洗って使える マスク 4枚組 伸縮ニット生地 男女兼用 Lサイズ 100回洗濯OK 繰り返し使える 花粉 対策 UVカット 紫外線対策 飛沫防止 耳が痛くなりにくい 個包装 有害化学物質検査済マスク ホワイト 白 PG90009524W,2190,5月31日 月曜日,PG90009524W
Sarlisi 脱毛器 家庭用 九段階調節 全身脱毛 光脱毛器 光エステ 男女兼用 60万回照射 美肌機能搭載,11600,5月31日 月曜日,B084FT21FJ
レック 激落ちくん 鏡のくもり止め スプレー 浴室用 (効果アップお手軽コート) 70ml,890,5月31日 月曜日,B08K399X4N
東洋アルミ(TOYO ALUMINIUM) ほこり取り ホワイト 5個 パッと貼るだけ! ホコリとりフィルター 換気扇用 5個セット & 整流板付専用パッと貼るだけスーパーフィルター 3074【セット買い】,2049,"5月 30日の日曜日, 8AM-12PM",
